{
   "bins": [
      10,
      20,
      40,
      80
   ],
   "trim": [
      0,
      0,
      1,
      1
   ],
   "Run 1": {
      "total": 2812,
      "chi squared": [
         12.073666724548378,
         18.006954585306428,
         45.41930274327757,
         82.41752578606564
      ],
      "chi reduced": [
         1.7248095320783396,
         1.059232622665084,
         1.2275487227912856,
         1.0703574777411122
      ],
      "tau": [
         2.0925571106210663,
         2.090053040438363,
         2.0898569858433733,
         2.0569106361607328
      ],
      "tau unc": [
         0.0056082499925759815,
         0.003150014747164162,
         0.003507297942102704,
         0.0028830166376060244
      ],
      "n0": [
         2577.603800674322,
         1255.3133713058005,
         623.0265764452379,
         313.2736948862585
      ],
      "background": [
         20.319732088552954,
         9.768125371796538,
         4.2222394490706625,
         1.993982272090707
      ],
      "raw_data_file": "/Users/zeke/PycharmProjects/MPL_Muons/MuonData_1-28-20_Fmtd.xlsx",
      "plot_file": [
         "MuonData_Run1_Bin10",
         "MuonData_Run1_Bin20",
         "MuonData_Run1_Bin40",
         "MuonData_Run1_Bin80"
      ]
   },
   "Run 2": {
      "total": 27222,
      "chi squared": [
         4.531466454878135,
         10.380789212046757,
         46.36223359803734,
         80.5809929453358
      ],
      "chi reduced": [
         0.6473523506968765,
         0.6106346595321622,
         1.2530333404874958,
         1.046506401887478
      ],
      "tau": [
         2.077917231673069,
         2.083063999254793,
         2.089899300675823,
         2.088080492106492
      ],
      "tau unc": [
         0.0002110059316645193,
         0.0001839565483696941,
         0.0003701516960747704,
         0.0003060627232175738
      ],
      "n0": [
         24981.943683620106,
         12113.478860740915,
         5989.668450731212,
         2990.69329777717
      ],
      "background": [
         223.93699157383992,
         111.04200768525264,
         55.03455793520814,
         27.23533775623145
      ],
      "raw_data_file": "/Users/zeke/PycharmProjects/MPL_Muons/MuonData_1-30_2-3-1_Fmtd.xlsx",
      "plot_file": [
         "MuonData_Run2_Bin10",
         "MuonData_Run2_Bin20",
         "MuonData_Run2_Bin40",
         "MuonData_Run2_Bin80"
      ]
   },
   "Run 3": {
      "total": 4478,
      "chi squared": [
         2.396321338608064,
         10.832324044187981,
         40.32202539146262,
         84.49098010056056
      ],
      "chi reduced": [
         0.342331619801152,
         0.6770202527617488,
         1.1520578683275033,
         1.1574106863090488
      ],
      "tau": [
         2.1517368737944276,
         2.17792784563684,
         2.1663513183525906,
         2.148291503684137
      ],
      "tau unc": [
         0.0007939856225019879,
         0.0027635056905155318,
         0.004423779520958664,
         0.004303533829568626
      ],
      "n0": [
         3877.199933228,
         1831.0813377248344,
         915.2878651718739,
         459.17044672877176
      ],
      "background": [
         45.107490278948696,
         22.363175352417578,
         10.504157871457132,
         4.908129072682771
      ],
      "raw_data_file": "/Users/zeke/PycharmProjects/MPL_Muons/MuonData_2-4-20_Fmtd.xlsx",
      "plot_file": [
         "MuonData_Run3_Bin10",
         "MuonData_Run3_Bin20",
         "MuonData_Run3_Bin40",
         "MuonData_Run3_Bin80"
      ]
   },
   "Run 4": {
      "total": 73872,
      "chi squared": [
         1065.6930432425436,
         8.662207284268021,
         31.579068956256314,
         62.358604425641985
      ],
      "chi reduced": [
         152.24186332036336,
         0.5413879552667513,
         0.9022591130358947,
         0.8542274578855067
      ],
      "tau": [
         1.4189496560457977,
         2.0890857460882732,
         2.0843430062502097,
         2.0846875853151734
      ],
      "tau unc": [
         0.008266289995872946,
         0.00016876021085069983,
         0.00027432434144593836,
         0.0002582132814399109
      ],
      "n0": [
         103344.9276533126,
         21735.172635463136,
         10820.052126851162,
         5399.118235232279
      ],
      "background": [
         522.090665692398,
         201.5919984353743,
         100.64062212712713,
         49.906685510080365
      ],
      "raw_data_file": "/Users/zeke/PycharmProjects/MPL_Muons/MuonData_2-6-20_Fmtd.xlsx",
      "plot_file": [
         "MuonData_Run4_Bin10",
         "MuonData_Run4_Bin20",
         "MuonData_Run4_Bin40",
         "MuonData_Run4_Bin80"
      ]
   }
}